k-value,Accuracy
2,0.80265604249668
3,0.8112217795484727
5,0.8200531208499336
7,0.8227091633466136
10,0.8277556440903054
