Loss,Accuracy
0.32567450404167175,0.8477423787117004
