Loss,Accuracy
0.9555424451828003,0.7188940048217773
